-- phpMyAdmin SQL Dump
-- version 4.5.2
-- http://www.phpmyadmin.net
--
-- Host: localhost
-- Generation Time: Jul 13, 2018 at 12:57 ညနေ
-- Server version: 10.1.19-MariaDB
-- PHP Version: 7.0.9

SET SQL_MODE = "NO_AUTO_VALUE_ON_ZERO";
SET time_zone = "+00:00";


/*!40101 SET @OLD_CHARACTER_SET_CLIENT=@@CHARACTER_SET_CLIENT */;
/*!40101 SET @OLD_CHARACTER_SET_RESULTS=@@CHARACTER_SET_RESULTS */;
/*!40101 SET @OLD_COLLATION_CONNECTION=@@COLLATION_CONNECTION */;
/*!40101 SET NAMES utf8mb4 */;

--
-- Database: `q_a`
--

-- --------------------------------------------------------

--
-- Table structure for table `answers`
--

CREATE TABLE `answers` (
  `id` int(11) NOT NULL,
  `question_id` int(11) NOT NULL,
  `body` text CHARACTER SET utf8 COLLATE utf8_unicode_ci NOT NULL,
  `user_id` int(11) NOT NULL,
  `created_at` datetime NOT NULL,
  `updated_at` datetime NOT NULL
) ENGINE=InnoDB DEFAULT CHARSET=latin1;

--
-- Dumping data for table `answers`
--

INSERT INTO `answers` (`id`, `question_id`, `body`, `user_id`, `created_at`, `updated_at`) VALUES
(1, 1, 'AnswerOne', 2, '2018-06-18 09:39:00', '2018-06-18 09:39:00'),
(2, 1, 'Hamm', 1, '2018-06-18 09:39:00', '2018-06-18 09:39:00'),
(3, 1, 'Ans1', 2, '0000-00-00 00:00:00', '0000-00-00 00:00:00'),
(4, 1, 'Answer1', 2, '0000-00-00 00:00:00', '0000-00-00 00:00:00'),
(5, 3, 'My Answer', 2, '0000-00-00 00:00:00', '0000-00-00 00:00:00'),
(6, 12, 'á€¤á€žá€­á€¯á€·á€œá€¯á€•á€¹á€žá€Šá€¹', 2, '0000-00-00 00:00:00', '0000-00-00 00:00:00'),
(7, 13, 'á€šá€á€¯á€€á€²á€·á€žá€­á€¯á€· á€œá€¯á€•á€¹á€œá€­á€¯á€€á€¹á€žá€Šá€¹', 2, '0000-00-00 00:00:00', '0000-00-00 00:00:00'),
(8, 13, 'á€šá€°á€”á€®á€€á€¯á€’á€ºá€…á€”á€…á€ºá€–á€¼á€„á€·á€ºá€…á€¬á€›á€±á€¸á€‘á€¬á€¸á€žá€Šá€ºá‹', 2, '0000-00-00 00:00:00', '0000-00-00 00:00:00'),
(9, 12, 'á€šá€°á€”á€®á€€á€¯á€’á€ºá€…á€”á€…á€ºá€–á€¼á€„á€·á€ºá€…á€¬á€›á€±á€¸á€‘á€¬á€¸á€žá€Šá€ºá‹', 2, '0000-00-00 00:00:00', '0000-00-00 00:00:00'),
(10, 13, 'á€€á€¯á€­á€šá€¹á€·á€˜á€¬á€žá€¬á€±á€”á€•á€«á€™á€Šá€¹', 2, '0000-00-00 00:00:00', '0000-00-00 00:00:00'),
(11, 13, ' á€€á€¯á€­á€šá€¹á€·á€˜á€¬á€žá€¬á€±á€”á€•á€«á€™á€Šá€¹ At 30-11--0001 By UserOne ', 2, '0000-00-00 00:00:00', '0000-00-00 00:00:00');

-- --------------------------------------------------------

--
-- Table structure for table `comments`
--

CREATE TABLE `comments` (
  `id` int(11) NOT NULL,
  `question_id` int(11) NOT NULL,
  `answer_id` int(11) NOT NULL,
  `body` text CHARACTER SET utf8 COLLATE utf8_unicode_ci NOT NULL,
  `user_id` int(11) NOT NULL,
  `created_at` datetime NOT NULL,
  `updated_at` datetime NOT NULL
) ENGINE=InnoDB DEFAULT CHARSET=latin1;

--
-- Dumping data for table `comments`
--

INSERT INTO `comments` (`id`, `question_id`, `answer_id`, `body`, `user_id`, `created_at`, `updated_at`) VALUES
(1, 1, 1, 'CommentOne', 3, '2018-06-18 09:39:00', '2018-06-18 09:39:00'),
(2, 1, 2, 'Comment Two', 3, '2018-06-18 09:39:00', '2018-06-18 09:39:00'),
(3, 1, 1, 'CommentThree', 3, '2018-06-18 09:39:00', '2018-06-18 09:39:00'),
(4, 1, 2, 'Comment Four', 3, '2018-06-18 09:39:00', '2018-06-18 09:39:00'),
(5, 1, 1, 'Hello Testing Comment', 1, '0000-00-00 00:00:00', '0000-00-00 00:00:00'),
(6, 3, 5, 'My Reply!', 1, '0000-00-00 00:00:00', '0000-00-00 00:00:00'),
(7, 13, 10, '', 1, '0000-00-00 00:00:00', '0000-00-00 00:00:00'),
(8, 13, 10, '', 1, '0000-00-00 00:00:00', '0000-00-00 00:00:00'),
(9, 13, 10, '', 1, '0000-00-00 00:00:00', '0000-00-00 00:00:00'),
(10, 13, 10, '', 1, '0000-00-00 00:00:00', '0000-00-00 00:00:00'),
(11, 13, 7, 'Reply One', 1, '0000-00-00 00:00:00', '0000-00-00 00:00:00');

-- --------------------------------------------------------

--
-- Table structure for table `questions`
--

CREATE TABLE `questions` (
  `id` int(11) NOT NULL,
  `title` varchar(255) CHARACTER SET utf8 COLLATE utf8_unicode_ci NOT NULL,
  `body` text CHARACTER SET utf8 COLLATE utf8_unicode_ci NOT NULL,
  `user_id` int(11) NOT NULL,
  `created_at` datetime NOT NULL,
  `updated_at` datetime NOT NULL
) ENGINE=InnoDB DEFAULT CHARSET=latin1;

--
-- Dumping data for table `questions`
--

INSERT INTO `questions` (`id`, `title`, `body`, `user_id`, `created_at`, `updated_at`) VALUES
(1, 'Question One', '\r\n    Design the framework for web application development\r\n    Develop and maintain both frontend and backend for ecommerce websites and documentation\r\n    Provide training to the developer teams as needed\r\n    Responsible to develop and deploy existing application to enhance functionality\r\n', 1, '2018-06-18 09:39:00', '2018-06-18 09:39:00'),
(2, 'How to use ubuntu?', 'asdfdfdfdfdf', 1, '0000-00-00 00:00:00', '0000-00-00 00:00:00'),
(3, 'How to use ubuntu?', 'How to use ubuntu?How to use ubuntu?How to use ubuntu?How to use ubuntu?How to use ubuntu?How to use ubuntu?How to use ubuntu?How to use ubuntu?How to use ubuntu?How to use ubuntu?How to use ubuntu?How to use ubuntu?How to use ubuntu?How to use ubuntu?How to use ubuntu?How to use ubuntu?How to use ubuntu?How to use ubuntu?How to use ubuntu?How to use ubuntu?How to use ubuntu?How to use ubuntu?How to use ubuntu?How to use ubuntu?How to use ubuntu?How to use ubuntu?How to use ubuntu?How to use ubuntu?How to use ubuntu?How to use ubuntu?How to use ubuntu?How to use ubuntu?', 1, '0000-00-00 00:00:00', '0000-00-00 00:00:00'),
(4, 'How to use ubuntu?', 'How to use ubuntu?How to use ubuntu?How to use ubuntu?How to use ubuntu?How to use ubuntu?How to use ubuntu?How to use ubuntu?How to use ubuntu?How to use ubuntu?How to use ubuntu?How to use ubuntu?How to use ubuntu?How to use ubuntu?How to use ubuntu?How to use ubuntu?How to use ubuntu?How to use ubuntu?How to use ubuntu?How to use ubuntu?', 1, '0000-00-00 00:00:00', '0000-00-00 00:00:00'),
(5, 'How to use ubuntu?', 'How to use ubuntu?How to use ubuntu?How to use ubuntu?How to use ubuntu?How to use ubuntu?How to use ubuntu?How to use ubuntu?How to use ubuntu?How to use ubuntu?How to use ubuntu?How to use ubuntu?', 1, '0000-00-00 00:00:00', '0000-00-00 00:00:00'),
(6, ' Question Title ', ' Question Title  Question Title  Question Title  Question Title  Question Title  Question Title  Question Title  Question Title  Question Title  Question Title  Question Title  Question Title  Question Title  Question Title  Question Title  Question Title ', 1, '0000-00-00 00:00:00', '0000-00-00 00:00:00'),
(7, 'Hello Question', 'Hello QuestionHello QuestionHello QuestionHello QuestionHello QuestionHello QuestionHello QuestionHello QuestionHello QuestionHello QuestionHello QuestionHello QuestionHello QuestionHello QuestionHello QuestionHello QuestionHello QuestionHello QuestionHello QuestionHello QuestionHello QuestionHello QuestionHello QuestionHello QuestionHello QuestionHello QuestionHello QuestionHello Question', 1, '0000-00-00 00:00:00', '0000-00-00 00:00:00'),
(8, 'Hello Question', 'Hello QuestionHello QuestionHello QuestionHello QuestionHello QuestionHello QuestionHello QuestionHello QuestionHello QuestionHello QuestionHello QuestionHello Question', 1, '0000-00-00 00:00:00', '0000-00-00 00:00:00'),
(9, 'á€˜á€šá€¹á€œá€¯á€­á€œá€¯á€•á€¹á€žá€œá€²', 'á€˜á€šá€¹á€œá€­á€¯á€œá€²á€žá€­á€á€ºá€„á€¹á€•á€«á€á€šá€¹á‹', 1, '0000-00-00 00:00:00', '0000-00-00 00:00:00'),
(10, 'á€žá€„á€¹á€‘á€„á€¹á€žá€œá€­á€¯á€‘á€„á€¹á€•á€«', 'á€„á€«á€‘á€„á€¹á€žá€œá€­á€¯á€‘á€„á€¹á€™á€Šá€¹', 1, '0000-00-00 00:00:00', '0000-00-00 00:00:00'),
(11, 'á€žá€„á€¹á€‘á€„á€¹á€žá€œá€­á€¯á€‘á€„á€¹á€•á€«', 'á€žá€„á€¹á€‘á€„á€¹á€žá€œá€­á€¯á€‘á€„á€¹á€•á€«á€žá€„á€¹á€‘á€„á€¹á€žá€œá€­á€¯á€‘á€„á€¹á€•á€«á€žá€„á€¹á€‘á€„á€¹á€žá€œá€­á€¯á€‘á€„á€¹á€•á€«á€žá€„á€¹á€‘á€„á€¹á€žá€œá€­á€¯á€‘á€„á€¹á€•á€«á€žá€„á€¹á€‘á€„á€¹á€žá€œá€­á€¯á€‘á€„á€¹á€•á€«á€žá€„á€¹á€‘á€„á€¹á€žá€œá€­á€¯á€‘á€„á€¹á€•á€«á€žá€„á€¹á€‘á€„á€¹á€žá€œá€­á€¯á€‘á€„á€¹á€•á€«á€žá€„á€¹á€‘á€„á€¹á€žá€œá€­á€¯á€‘á€„á€¹á€•á€«á€žá€„á€¹á€‘á€„á€¹á€žá€œá€­á€¯á€‘á€„á€¹á€•á€«á€žá€„á€¹á€‘á€„á€¹á€žá€œá€­á€¯á€‘á€„á€¹á€•á€«á€žá€„á€¹á€‘á€„á€¹á€žá€œá€­á€¯á€‘á€„á€¹á€•á€«á€žá€„á€¹á€‘á€„á€¹á€žá€œá€­á€¯á€‘á€„á€¹á€•á€«á€žá€„á€¹á€‘á€„á€¹á€žá€œá€­á€¯á€‘á€„á€¹á€•á€«á€žá€„á€¹á€‘á€„á€¹á€žá€œá€­á€¯á€‘á€„á€¹á€•á€«á€žá€„á€¹á€‘á€„á€¹á€žá€œá€­á€¯á€‘á€„á€¹á€•á€«á€žá€„á€¹á€‘á€„á€¹á€žá€œá€­á€¯á€‘á€„á€¹á€•á€«á€žá€„á€¹á€‘á€„á€¹á€žá€œá€­á€¯á€‘á€„á€¹á€•á€«á€žá€„á€¹á€‘á€„á€¹á€žá€œá€­á€¯á€‘á€„á€¹á€•á€«á€žá€„á€¹á€‘á€„á€¹á€žá€œá€­á€¯á€‘á€„á€¹á€•á€«á€žá€„á€¹á€‘á€„á€¹á€žá€œá€­á€¯á€‘á€„á€¹á€•á€«á€žá€„á€¹á€‘á€„á€¹á€žá€œá€­á€¯á€‘á€„á€¹á€•á€«á€žá€„á€¹á€‘á€„á€¹á€žá€œá€­á€¯á€‘á€„á€¹á€•á€«á€žá€„á€¹á€‘á€„á€¹á€žá€œá€­á€¯á€‘á€„á€¹á€•á€«á€žá€„á€¹á€‘á€„á€¹á€žá€œá€­á€¯á€‘á€„á€¹á€•á€«á€žá€„á€¹á€‘á€„á€¹á€žá€œá€­á€¯á€‘á€„á€¹á€•á€«á€žá€„á€¹á€‘á€„á€¹á€žá€œá€­á€¯á€‘á€„á€¹á€•á€«', 1, '0000-00-00 00:00:00', '0000-00-00 00:00:00'),
(12, 'á€žá€„á€¹á€‘á€„á€¹á€žá€œá€­á€¯á€‘á€„á€¹á€•á€«', 'á€žá€„á€¹á€‘á€„á€¹á€žá€œá€­á€¯á€‘á€„á€¹á€•á€«á€žá€„á€¹á€‘á€„á€¹á€žá€œá€­á€¯á€‘á€„á€¹á€•á€«á€žá€„á€¹á€‘á€„á€¹á€žá€œá€­á€¯á€‘á€„á€¹á€•á€«á€žá€„á€¹á€‘á€„á€¹á€žá€œá€­á€¯á€‘á€„á€¹á€•á€«á€žá€„á€¹á€‘á€„á€¹á€žá€œá€­á€¯á€‘á€„á€¹á€•á€«á€žá€„á€¹á€‘á€„á€¹á€žá€œá€­á€¯á€‘á€„á€¹á€•á€«á€žá€„á€¹á€‘á€„á€¹á€žá€œá€­á€¯á€‘á€„á€¹á€•á€«á€žá€„á€¹á€‘á€„á€¹á€žá€œá€­á€¯á€‘á€„á€¹á€•á€«á€žá€„á€¹á€‘á€„á€¹á€žá€œá€­á€¯á€‘á€„á€¹á€•á€«á€žá€„á€¹á€‘á€„á€¹á€žá€œá€­á€¯á€‘á€„á€¹á€•á€«á€žá€„á€¹á€‘á€„á€¹á€žá€œá€­á€¯á€‘á€„á€¹á€•á€«á€žá€„á€¹á€‘á€„á€¹á€žá€œá€­á€¯á€‘á€„á€¹á€•á€«á€žá€„á€¹á€‘á€„á€¹á€žá€œá€­á€¯á€‘á€„á€¹á€•á€«á€žá€„á€¹á€‘á€„á€¹á€žá€œá€­á€¯á€‘á€„á€¹á€•á€«á€žá€„á€¹á€‘á€„á€¹á€žá€œá€­á€¯á€‘á€„á€¹á€•á€«á€žá€„á€¹á€‘á€„á€¹á€žá€œá€­á€¯á€‘á€„á€¹á€•á€«á€žá€„á€¹á€‘á€„á€¹á€žá€œá€­á€¯á€‘á€„á€¹á€•á€«á€žá€„á€¹á€‘á€„á€¹á€žá€œá€­á€¯á€‘á€„á€¹á€•á€«á€žá€„á€¹á€‘á€„á€¹á€žá€œá€­á€¯á€‘á€„á€¹á€•á€«á€žá€„á€¹á€‘á€„á€¹á€žá€œá€­á€¯á€‘á€„á€¹á€•á€«á€žá€„á€¹á€‘á€„á€¹á€žá€œá€­á€¯á€‘á€„á€¹á€•á€«á€žá€„á€¹á€‘á€„á€¹á€žá€œá€­á€¯á€‘á€„á€¹á€•á€«á€žá€„á€¹á€‘á€„á€¹á€žá€œá€­á€¯á€‘á€„á€¹á€•á€«á€žá€„á€¹á€‘á€„á€¹á€žá€œá€­á€¯á€‘á€„á€¹á€•á€«á€žá€„á€¹á€‘á€„á€¹á€žá€œá€­á€¯á€‘á€„á€¹á€•á€«á€žá€„á€¹á€‘á€„á€¹á€žá€œá€­á€¯á€‘á€„á€¹á€•á€«á€žá€„á€¹á€‘á€„á€¹á€žá€œá€­á€¯á€‘á€„á€¹á€•á€«á€žá€„á€¹á€‘á€„á€¹á€žá€œá€­á€¯á€‘á€„á€¹á€•á€«á€žá€„á€¹á€‘á€„á€¹á€žá€œá€­á€¯á€‘á€„á€¹á€•á€«á€žá€„á€¹á€‘á€„á€¹á€žá€œá€­á€¯á€‘á€„á€¹á€•á€«á€žá€„á€¹á€‘á€„á€¹á€žá€œá€­á€¯á€‘á€„á€¹á€•á€«á€žá€„á€¹á€‘á€„á€¹á€žá€œá€­á€¯á€‘á€„á€¹á€•á€«á€žá€„á€¹á€‘á€„á€¹á€žá€œá€­á€¯á€‘á€„á€¹á€•á€«á€žá€„á€¹á€‘á€„á€¹á€žá€œá€­á€¯á€‘á€„á€¹á€•á€«á€žá€„á€¹á€‘á€„á€¹á€žá€œá€­á€¯á€‘á€„á€¹á€•á€«á€žá€„á€¹á€‘á€„á€¹á€žá€œá€­á€¯á€‘á€„á€¹á€•á€«á€žá€„á€¹á€‘á€„á€¹á€žá€œá€­á€¯á€‘á€„á€¹á€•á€«á€žá€„á€¹á€‘á€„á€¹á€žá€œá€­á€¯á€‘á€„á€¹á€•á€«á€žá€„á€¹á€‘á€„á€¹á€žá€œá€­á€¯á€‘á€„á€¹á€•á€«á€žá€„á€¹á€‘á€„á€¹á€žá€œá€­á€¯á€‘á€„á€¹á€•á€«á€žá€„á€¹á€‘á€„á€¹á€žá€œá€­á€¯á€‘á€„á€¹á€•á€«á€žá€„á€¹á€‘á€„á€¹á€žá€œá€­á€¯á€‘á€„á€¹á€•á€«á€žá€„á€¹á€‘á€„á€¹á€žá€œá€­á€¯á€‘á€„á€¹á€•á€«á€žá€„á€¹á€‘á€„á€¹á€žá€œá€­á€¯á€‘á€„á€¹á€•á€«á€žá€„á€¹á€‘á€„á€¹á€žá€œá€­á€¯á€‘á€„á€¹á€•á€«á€žá€„á€¹á€‘á€„á€¹á€žá€œá€­á€¯á€‘á€„á€¹á€•á€«á€žá€„á€¹á€‘á€„á€¹á€žá€œá€­á€¯á€‘á€„á€¹á€•á€«á€žá€„á€¹á€‘á€„á€¹á€žá€œá€­á€¯á€‘á€„á€¹á€•á€«á€žá€„á€¹á€‘á€„á€¹á€žá€œá€­á€¯á€‘á€„á€¹á€•á€«á€žá€„á€¹á€‘á€„á€¹á€žá€œá€­á€¯á€‘á€„á€¹á€•á€«á€žá€„á€¹á€‘á€„á€¹á€žá€œá€­á€¯á€‘á€„á€¹á€•á€«á€žá€„á€¹á€‘á€„á€¹á€žá€œá€­á€¯á€‘á€„á€¹á€•á€«á€žá€„á€¹á€‘á€„á€¹á€žá€œá€­á€¯á€‘á€„á€¹á€•á€«á€žá€„á€¹á€‘á€„á€¹á€žá€œá€­á€¯á€‘á€„á€¹á€•á€«á€žá€„á€¹á€‘á€„á€¹á€žá€œá€­á€¯á€‘á€„á€¹á€•á€«á€žá€„á€¹á€‘á€„á€¹á€žá€œá€­á€¯á€‘á€„á€¹á€•á€«á€žá€„á€¹á€‘á€„á€¹á€žá€œá€­á€¯á€‘á€„á€¹á€•á€«á€žá€„á€¹á€‘á€„á€¹á€žá€œá€­á€¯á€‘á€„á€¹á€•á€«á€žá€„á€¹á€‘á€„á€¹á€žá€œá€­á€¯á€‘á€„á€¹á€•á€«á€žá€„á€¹á€‘á€„á€¹á€žá€œá€­á€¯á€‘á€„á€¹á€•á€«á€žá€„á€¹á€‘á€„á€¹á€žá€œá€­á€¯á€‘á€„á€¹á€•á€«á€žá€„á€¹á€‘á€„á€¹á€žá€œá€­á€¯á€‘á€„á€¹á€•á€«á€žá€„á€¹á€‘á€„á€¹á€žá€œá€­á€¯á€‘á€„á€¹á€•á€«á€žá€„á€¹á€‘á€„á€¹á€žá€œá€­á€¯á€‘á€„á€¹á€•á€«á€žá€„á€¹á€‘á€„á€¹á€žá€œá€­á€¯á€‘á€„á€¹á€•á€«á€žá€„á€¹á€‘á€„á€¹á€žá€œá€­á€¯á€‘á€„á€¹á€•á€«á€žá€„á€¹á€‘á€„á€¹á€žá€œá€­á€¯á€‘á€„á€¹á€•á€«á€žá€„á€¹á€‘á€„á€¹á€žá€œá€­á€¯á€‘á€„á€¹á€•á€«á€žá€„á€¹á€‘á€„á€¹á€žá€œá€­á€¯á€‘á€„á€¹á€•á€«á€žá€„á€¹á€‘á€„á€¹á€žá€œá€­á€¯á€‘á€„á€¹á€•á€«á€žá€„á€¹á€‘á€„á€¹á€žá€œá€­á€¯á€‘á€„á€¹á€•á€«á€žá€„á€¹á€‘á€„á€¹á€žá€œá€­á€¯á€‘á€„á€¹á€•á€«á€žá€„á€¹á€‘á€„á€¹á€žá€œá€­á€¯á€‘á€„á€¹á€•á€«á€žá€„á€¹á€‘á€„á€¹á€žá€œá€­á€¯á€‘á€„á€¹á€•á€«á€žá€„á€¹á€‘á€„á€¹á€žá€œá€­á€¯á€‘á€„á€¹á€•á€«á€žá€„á€¹á€‘á€„á€¹á€žá€œá€­á€¯á€‘á€„á€¹á€•á€«á€žá€„á€¹á€‘á€„á€¹á€žá€œá€­á€¯á€‘á€„á€¹á€•á€«á€žá€„á€¹á€‘á€„á€¹á€žá€œá€­á€¯á€‘á€„á€¹á€•á€«á€žá€„á€¹á€‘á€„á€¹á€žá€œá€­á€¯á€‘á€„á€¹á€•á€«á€žá€„á€¹á€‘á€„á€¹á€žá€œá€­á€¯á€‘á€„á€¹á€•á€«á€žá€„á€¹á€‘á€„á€¹á€žá€œá€­á€¯á€‘á€„á€¹á€•á€«á€žá€„á€¹á€‘á€„á€¹á€žá€œá€­á€¯á€‘á€„á€¹á€•á€«á€žá€„á€¹á€‘á€„á€¹á€žá€œá€­á€¯á€‘á€„á€¹á€•á€«á€žá€„á€¹á€‘á€„á€¹á€žá€œá€­á€¯á€‘á€„á€¹á€•á€«á€žá€„á€¹á€‘á€„á€¹á€žá€œá€­á€¯á€‘á€„á€¹á€•á€«', 1, '0000-00-00 00:00:00', '0000-00-00 00:00:00'),
(13, 'á€žá€„á€¹á€žá€±á€˜á€¬á€•á€«', 'á€žá€„á€¹á€žá€±á€˜á€¬á€•á€«á€žá€„á€¹á€žá€±á€˜á€¬á€•á€«á€žá€„á€¹á€žá€±á€˜á€¬á€•á€«á€žá€„á€¹á€žá€±á€˜á€¬á€•á€«á€žá€„á€¹á€žá€±á€˜á€¬á€•á€«á€žá€„á€¹á€žá€±á€˜á€¬á€•á€«á€žá€„á€¹á€žá€±á€˜á€¬á€•á€«á€žá€„á€¹á€žá€±á€˜á€¬á€•á€«á€žá€„á€¹á€žá€±á€˜á€¬á€•á€«á€žá€„á€¹á€žá€±á€˜á€¬á€•á€«á€žá€„á€¹á€žá€±á€˜á€¬á€•á€«á€žá€„á€¹á€žá€±á€˜á€¬á€•á€«á€žá€„á€¹á€žá€±á€˜á€¬á€•á€«á€žá€„á€¹á€žá€±á€˜á€¬á€•á€«á€žá€„á€¹á€žá€±á€˜á€¬á€•á€«á€žá€„á€¹á€žá€±á€˜á€¬á€•á€«á€žá€„á€¹á€žá€±á€˜á€¬á€•á€«á€žá€„á€¹á€žá€±á€˜á€¬á€•á€«á€žá€„á€¹á€žá€±á€˜á€¬á€•á€«á€žá€„á€¹á€žá€±á€˜á€¬á€•á€«á€žá€„á€¹á€žá€±á€˜á€¬á€•á€«á€žá€„á€¹á€žá€±á€˜á€¬á€•á€«á€žá€„á€¹á€žá€±á€˜á€¬á€•á€«á€žá€„á€¹á€žá€±á€˜á€¬á€•á€«á€žá€„á€¹á€žá€±á€˜á€¬á€•á€«á€žá€„á€¹á€žá€±á€˜á€¬á€•á€«á€žá€„á€¹á€žá€±á€˜á€¬á€•á€«á€žá€„á€¹á€žá€±á€˜á€¬á€•á€«á€žá€„á€¹á€žá€±á€˜á€¬á€•á€«á€žá€„á€¹á€žá€±á€˜á€¬á€•á€«á€žá€„á€¹á€žá€±á€˜á€¬á€•á€«á€žá€„á€¹á€žá€±á€˜á€¬á€•á€«á€žá€„á€¹á€žá€±á€˜á€¬á€•á€«á€žá€„á€¹á€žá€±á€˜á€¬á€•á€«á€žá€„á€¹á€žá€±á€˜á€¬á€•á€«á€žá€„á€¹á€žá€±á€˜á€¬á€•á€«á€žá€„á€¹á€žá€±á€˜á€¬á€•á€«á€žá€„á€¹á€žá€±á€˜á€¬á€•á€«á€žá€„á€¹á€žá€±á€˜á€¬á€•á€«á€žá€„á€¹á€žá€±á€˜á€¬á€•á€«á€žá€„á€¹á€žá€±á€˜á€¬á€•á€«á€žá€„á€¹á€žá€±á€˜á€¬á€•á€«á€žá€„á€¹á€žá€±á€˜á€¬á€•á€«á€žá€„á€¹á€žá€±á€˜á€¬á€•á€«á€žá€„á€¹á€žá€±á€˜á€¬á€•á€«á€žá€„á€¹á€žá€±á€˜á€¬á€•á€«á€žá€„á€¹á€žá€±á€˜á€¬á€•á€«á€žá€„á€¹á€žá€±á€˜á€¬á€•á€«á€žá€„á€¹á€žá€±á€˜á€¬á€•á€«á€žá€„á€¹á€žá€±á€˜á€¬á€•á€«á€žá€„á€¹á€žá€±á€˜á€¬á€•á€«á€žá€„á€¹á€žá€±á€˜á€¬á€•á€«á€žá€„á€¹á€žá€±á€˜á€¬á€•á€«á€žá€„á€¹á€žá€±á€˜á€¬á€•á€«á€žá€„á€¹á€žá€±á€˜á€¬á€•á€«á€žá€„á€¹á€žá€±á€˜á€¬á€•á€«á€žá€„á€¹á€žá€±á€˜á€¬á€•á€«á€žá€„á€¹á€žá€±á€˜á€¬á€•á€«á€žá€„á€¹á€žá€±á€˜á€¬á€•á€«á€žá€„á€¹á€žá€±á€˜á€¬á€•á€«á€žá€„á€¹á€žá€±á€˜á€¬á€•á€«á€žá€„á€¹á€žá€±á€˜á€¬á€•á€«á€žá€„á€¹á€žá€±á€˜á€¬á€•á€«á€žá€„á€¹á€žá€±á€˜á€¬á€•á€«á€žá€„á€¹á€žá€±á€˜á€¬á€•á€«á€žá€„á€¹á€žá€±á€˜á€¬á€•á€«á€žá€„á€¹á€žá€±á€˜á€¬á€•á€«á€žá€„á€¹á€žá€±á€˜á€¬á€•á€«á€žá€„á€¹á€žá€±á€˜á€¬á€•á€«á€žá€„á€¹á€žá€±á€˜á€¬á€•á€«á€žá€„á€¹á€žá€±á€˜á€¬á€•á€«á€žá€„á€¹á€žá€±á€˜á€¬á€•á€«á€žá€„á€¹á€žá€±á€˜á€¬á€•á€«á€žá€„á€¹á€žá€±á€˜á€¬á€•á€«á€žá€„á€¹á€žá€±á€˜á€¬á€•á€«á€žá€„á€¹á€žá€±á€˜á€¬á€•á€«á€žá€„á€¹á€žá€±á€˜á€¬á€•á€«á€žá€„á€¹á€žá€±á€˜á€¬á€•á€«á€žá€„á€¹á€žá€±á€˜á€¬á€•á€«á€žá€„á€¹á€žá€±á€˜á€¬á€•á€«á€žá€„á€¹á€žá€±á€˜á€¬á€•á€«á€žá€„á€¹á€žá€±á€˜á€¬á€•á€«á€žá€„á€¹á€žá€±á€˜á€¬á€•á€«á€žá€„á€¹á€žá€±á€˜á€¬á€•á€«á€žá€„á€¹á€žá€±á€˜á€¬á€•á€«á€žá€„á€¹á€žá€±á€˜á€¬á€•á€«á€žá€„á€¹á€žá€±á€˜á€¬á€•á€«á€žá€„á€¹á€žá€±á€˜á€¬á€•á€«á€žá€„á€¹á€žá€±á€˜á€¬á€•á€«á€žá€„á€¹á€žá€±á€˜á€¬á€•á€«á€žá€„á€¹á€žá€±á€˜á€¬á€•á€«á€žá€„á€¹á€žá€±á€˜á€¬á€•á€«á€žá€„á€¹á€žá€±á€˜á€¬á€•á€«á€žá€„á€¹á€žá€±á€˜á€¬á€•á€«', 1, '0000-00-00 00:00:00', '0000-00-00 00:00:00');

-- --------------------------------------------------------

--
-- Table structure for table `users`
--

CREATE TABLE `users` (
  `id` int(11) NOT NULL,
  `name` varchar(255) NOT NULL,
  `email` varchar(255) NOT NULL,
  `password` varchar(255) NOT NULL,
  `created_at` datetime NOT NULL,
  `updated_at` datetime NOT NULL
) ENGINE=InnoDB DEFAULT CHARSET=latin1;

--
-- Dumping data for table `users`
--

INSERT INTO `users` (`id`, `name`, `email`, `password`, `created_at`, `updated_at`) VALUES
(1, 'Johnny', 'johnny@gmail.com', '$2y$10$mjEARrjqvceLuLxeR6JJx.farXZl45RI80yxogpN32.y8r4Cw7uCC', '2018-06-18 10:06:00', '2018-06-18 10:06:00'),
(2, 'UserOne', 'userone@gmail.com', '$2y$10$mjEARrjqvceLuLxeR6JJx.farXZl45RI80yxogpN32.y8r4Cw7uCC', '2018-06-18 10:06:00', '2018-06-18 10:06:00'),
(3, 'CMTUser', 'userthreee@gmail.com', '$2y$10$mjEARrjqvceLuLxeR6JJx.farXZl45RI80yxogpN32.y8r4Cw7uCC', '2018-06-18 10:06:00', '2018-06-18 10:06:00');

--
-- Indexes for dumped tables
--

--
-- Indexes for table `answers`
--
ALTER TABLE `answers`
  ADD PRIMARY KEY (`id`);

--
-- Indexes for table `comments`
--
ALTER TABLE `comments`
  ADD PRIMARY KEY (`id`);

--
-- Indexes for table `questions`
--
ALTER TABLE `questions`
  ADD PRIMARY KEY (`id`);

--
-- Indexes for table `users`
--
ALTER TABLE `users`
  ADD PRIMARY KEY (`id`);

--
-- AUTO_INCREMENT for dumped tables
--

--
-- AUTO_INCREMENT for table `answers`
--
ALTER TABLE `answers`
  MODIFY `id` int(11) NOT NULL AUTO_INCREMENT, AUTO_INCREMENT=12;
--
-- AUTO_INCREMENT for table `comments`
--
ALTER TABLE `comments`
  MODIFY `id` int(11) NOT NULL AUTO_INCREMENT, AUTO_INCREMENT=12;
--
-- AUTO_INCREMENT for table `questions`
--
ALTER TABLE `questions`
  MODIFY `id` int(11) NOT NULL AUTO_INCREMENT, AUTO_INCREMENT=14;
--
-- AUTO_INCREMENT for table `users`
--
ALTER TABLE `users`
  MODIFY `id` int(11) NOT NULL AUTO_INCREMENT, AUTO_INCREMENT=4;
/*!40101 SET CHARACTER_SET_CLIENT=@OLD_CHARACTER_SET_CLIENT */;
/*!40101 SET CHARACTER_SET_RESULTS=@OLD_CHARACTER_SET_RESULTS */;
/*!40101 SET COLLATION_CONNECTION=@OLD_COLLATION_CONNECTION */;
